FK_student_nick,query,snippet1,snippet2,snippet3
aarriagada,como construir un automovil,"Cómo construir un auto deportivo con poco dinero. coches, Curiosidades, inventos raros. Cómo construir un auto deportivo con poco dinero. Dogguie 8 años ago 50 comentarios. Prev Article Next Article ... No se si vas a poder andar “a las chapas” como todo un Fangio, pero al menos para sacarte la fotito y ponerla en el perfil de alguna red ...","Construir un motor de automóvil desde cero, lleva tiempo y paciencia. También deberás tener cerca un mecánico experto que te ayude en esta aventura. Este proyecto implica más que unir piezas. Según el tipo de motor, existen diferentes tolerancias y aprietes sobre las tuercas y pernos, que deben mantenerse.","Relájate y disfruta en HD del proceso de ensamblado de un Auto explicado en pocos minutos. Macho que se Respeta. RECUERDA, si no has terminado la secundaria y/o primaria en el BRUNO TRAVERSO lo ..."
cduarte,soapbox,"Soapbox is a Chrome extension that enables anyone to record, edit, share, and measure presentation videos.","SoapBox is an app designed to help managers have better one-on-ones, team meetings and discussions. Build agendas, manage meetings, get feedback and ideas- all in one place.","A soapbox is a raised platform on which one stands to make an impromptu speech, often about a political subject. The term originates from the days when speakers would elevate themselves by standing on a wooden crate originally used for shipment of soap or other dry goods from a manufacturer to a retail store."
abastian,Crear un auto básico,This feature is not available right now. Please try again later.,"PARA HACER CAPAS MIRA EL Anexo a Curso de AutoCAD Gratis Parte 01: ... dando un panorama muy rápido y básico, de como realizar el plano de una casa, con comandos y herramientas básicas, con el ...","Crear un diagrama de flujo. En el menú Archivo, señale Nuevo, Diagrama de flujo y, después, haga clic en Diagrama de flujo básico. En cada paso del proceso que esté documentando, arrastre un forma de diagrama de flujo al dibujo. Conecte las formas de diagrama flujo usando cualquiera de los métodos que se describen a continuación."
ocontreras,Como construir un automovi,"Construir un motor de automóvil desde cero, lleva tiempo y paciencia. También deberás tener cerca un mecánico experto que te ayude en esta aventura. Este proyecto implica más que unir piezas. Según el tipo de motor, existen diferentes tolerancias y aprietes sobre las tuercas y pernos, que deben mantenerse.","Cómo construir un auto deportivo con poco dinero. coches, Curiosidades, inventos raros. Cómo construir un auto deportivo con poco dinero. Dogguie 8 años ago 50 comentarios. Prev Article Next Article ... No se si vas a poder andar “a las chapas” como todo un Fangio, pero al menos para sacarte la fotito y ponerla en el perfil de alguna red ...","Fases. Antes de producir un vehículo, ha de completarse su desarrollo y validación. Los diferentes pasos necesarios para la fabricación de un vehículo están descritos más abajo, si bien, también es posible que algunos de ellos ocurran de forma paralela para optimizar el tiempo, lo que se conoce como ingeniería simultánea.Todos los pasos descritos a continuación no tienen por qué ..."
gcurguan,Como construir un auto de carreras,"QUIERES FORMAR PARTE DE LA MEJOR NETWORK DE YOUTUBE con más de 46.410 miembros y más de 23.020.991 suscriptores y dando un total de más 4.908.653.684 visitas diarias, únete y empieza a crecer ...","Un auto de carrera puede ser un juego o un objeto de colección y sin duda tendrá mayor valor si lo hacemos nosotros mismos. Por eso en este proyecto enseñaremos a construir un auto de madera, que tenga la forma aerodinámica de uno de carrera.","UN COCHE DE CARRERAS DEFINICIÓN DEL PROYECTO. Diseña y construye un modelo de coche que use un motor sencillo, sin reductora, para participar en una carrera organizada entre toda la clase. ... Me a justado el proyecto mucho,pero, por que la mayoria de los coches eran de colores oscuros,como el negro.Pero estuvo bien la carrera de los coches ..."
mcarep,construir automovil derby soapbox,Fácil Soap Box Derby coche construir Estas instrucciones muestran cómo construir un simple jabón caja Derby coche barato. Usted debe ser capaz de construir este coche por unos $50. Fotos de estudio y hará más fácil su construcción. Usted puede necesitar para referirse a estos más adelan,"Sobre soap box derby de coches Soap box derby coches son artificiales, motorless carros que son creados para la diversión o en carreras de soap box derby competiciones. Estos coches pasar por la fuerza de la gravedad--y por un impulso de alguien que no está conduciendo el coche. A","3rd Annual Nevada City Soap Box Derby. 3rd Annual Nevada City Soap Box Derby. Skip navigation Sign in. ... Red Bull Soapbox Race, Roma Villa Borghese 2018 Highlights! Funny Actions, Jumps, people ..."
eespinoza,como construir un automovil de carrerqas,Construye un automóvil de carreras casero y serás parte de la historia. También serás miembro de un un grupo selecto que mantiene este pasatiempo con vida en una era de controles computarizados y juegos electrónicos.,"Un auto de carrera puede ser un juego o un objeto de colección y sin duda tendrá mayor valor si lo hacemos nosotros mismos. Por eso en este proyecto enseñaremos a construir un auto de madera, que tenga la forma aerodinámica de uno de carrera. ... un hilo estriado como eje de automóvil, o un trozo de madera como parabrisa. ...","Estudiantes de la Universidad Politécnica Salesiana Sede Cuenca pertenecientes a la carrera de Ingeniería Automotriz, realizan la construcción de un vehículo de carrera estilo fórmula 1 ..."
gandrade,que debe tener mi auto para competir en nascar? ,"Están preparados para competir más de 500 millas al tope de RPM. ... pero como están más pegados al suelo deben tener mejor aerodinamica y maniobrabilidad. ... Mira. Eso depende. En el caso de Colombia. Si Juan Pablo Montoya estuviera en la F1, es más dificil manejar un auto de estos, pero como está en NASCAR, ten la seguridad que te ...","Hay una frase muy importante en estados Unidos, que tambien se utilizo aca: LO QUE GANA EL DOMINGO SE VENDE EL LUNES. Y esta frase hizo importante este tipo de competición de autos de fabricación en serie. Por eso la importancia que tuvo y tiene el Nascar y el esfuerzo de las fábricas en ganar… Pero que es Nascar?","NASCAR hace referencia a las siglas en inglés de National Association for Stock Car Auto Racing (""Asociación Nacional de Carreras de Automóviles de Serie"") y, actualmente, representa la categoría automovilística más comercial y popular de los Estados Unidos, y la competición de stock cars (""automóviles de serie"") más importante del mundo."
jfernandez,asd,Anchorage School District website accessibility and nondiscrimination notice. The Anchorage School District is an equal opportunity provider.,"Tip: Incorrect ASD file association errors can be a symptom of other underlying issues within your Windows operating system. These invalid entries can also produce associated symptoms such as slow Windows startups, computer freezes, and other PC performance issues.","Definición de ASD en el Diccionario de español en línea. Significado de ASD diccionario. traducir ASD significado ASD traducción de ASD Sinónimos de ASD, antónimos de ASD. Información sobre ASD en el Diccionario y Enciclopedia En Línea Gratuito. ASD Adaptive Software Developmen ASD Adaptive Software Development8"
bcortes,componentes de un automovil,"El primer viaje largo en un automóvil lo realizó Bertha Benz en 1888 al ir de Mannheim a Pforzheim, ciudades separadas entre sí por unos 105 km.6 Cabe destacar que fue un hito en la ...",COMPONENTES DE UN AUTOMOVIL 1. PistónFoto de un pistón desde su parte inferior. Se observan los segmentos y los orificios quealojan al eje de la biela.Se denomina pistón a uno de los elementos básicos del motor de combustión interna.Se trata de un émbolo que se ajusta al interior de las paredes del cilindro mediante arosflexibles llamados segmentos o anillos.,Curso Mecánica: Experto en Autopartes | Componentes de un Automóvil Profesor: Jorge Antonio Guillen Visita la pagina de la cnt: www.confederaciondetalleres.o...
nguentalican,como construir un automovil,"Cómo construir un auto deportivo con poco dinero. coches, Curiosidades, inventos raros. Cómo construir un auto deportivo con poco dinero. Dogguie 8 años ago 50 comentarios. Prev Article Next Article ... No se si vas a poder andar “a las chapas” como todo un Fangio, pero al menos para sacarte la fotito y ponerla en el perfil de alguna red ...","Construir un motor de automóvil desde cero, lleva tiempo y paciencia. También deberás tener cerca un mecánico experto que te ayude en esta aventura. Este proyecto implica más que unir piezas. Según el tipo de motor, existen diferentes tolerancias y aprietes sobre las tuercas y pernos, que deben mantenerse.","Relájate y disfruta en HD del proceso de ensamblado de un Auto explicado en pocos minutos. Macho que se Respeta. RECUERDA, si no has terminado la secundaria y/o primaria en el BRUNO TRAVERSO lo ..."
dhofer,plan basico para construir un auto,"Cómo construir un go kart. En este artículo: Planificar el proyecto Construir el chasis y la columna de dirección Montar el motor y la columna de dirección Nada canaliza mejor el demonio de la velocidad interna como conducir un go kart. Construir uno por tu cuenta a partir de un kit o de cero puede ser un proyecto altamente adictivo, o una actividad divertida que puedas hacer en el garaje ...",El mejor programa gratuito para diseñar modelos en 3d Programa para crear modelos en 3d Programa para crear planos Aqui el link para descargar el Sketchup ht...,"Si te dedicas a las ventas y te gustaría ser un vendedor exitoso, analiza los siguientes puntos que tocaré a continuación sobre cómo elaborar un plan de ventas exitoso para el vendedor profesional. Si eres un vendedor exitoso ya, con la elaboración de este plan, lograrás mantenerte en la élite de los vendedores súper estrellas."
mescobarp,partes de un automovil,"Chasis Chasis de un automóvil. Constituye la estructura del automóvil, en la que se fijan todos las otras partes que lo componen.. El chasis es metálico y suele estar hecho con aleaciones que le brinden liviandad y resistencia al mismo tiempo, ya que esto es lo que hace aumentar su valor en el mercado.","Los frenos de un auto son una de las partes de seguridad más importantes y suelen haber uno o dos tipos: de disco o de tambor. Los frenos de disco usan un disco giratorio, que se encuentra entre las pastillas de los frenos montadas sobre calibres para reducir el movimiento del auto.","Partes de un automóvil. El automóvil es un medio de transporte pensado para llevar a un grupo acotado de personas, moviéndose alimentado por diferentes tipos de combustibles. Estos vehículos pueden ser más o menos sofisticados o poderosos, aunque todos cumplen la misma función."
chenriquez,construir un automóvil ,"La fabricación de automóviles se refiere a la producción industrial de vehículos automóviles en fábricas habilitadas para ello. La fabricación de automóviles requiere un capital humano y financiero muy importante.. Dependiendo del tipo de vehículo, la cantidad de unidades a fabricar por día y el emplazamiento de la fábrica el grado de automatización puede variar considerablemente.","Cómo construir un auto deportivo con poco dinero. Dogguie 8 años ago 50 comentarios. Prev Article Next Article ¿Quién no sueña con ser el afortunado poseedor de un auto deportivo?. Tal vez muchos de los que comentamos no tengamos la guita, ni siquiera para alquilar uno un par de horas. Bueno, si eres del club de los de “poca pasta ...","Nicolas-Joseph Cugnot (1725-1804), , escritor e inventor francés, dio el gran paso, al construir un automóvil de vapor, diseñado inicialmente para arrastrar piezas de artillería. El Fardier, como lo llamó Cugnot, comenzó a circular por las calles de París en 1769. Se trataba de un triciclo que montaba sobre la rueda delantera una caldera y un motor de dos cilindros verticales y 50 ..."
lguzman,como construir un automovil,"Cómo construir un auto deportivo con poco dinero. coches, Curiosidades, inventos raros. Cómo construir un auto deportivo con poco dinero. Dogguie 8 años ago 50 comentarios. Prev Article Next Article ... No se si vas a poder andar “a las chapas” como todo un Fangio, pero al menos para sacarte la fotito y ponerla en el perfil de alguna red ...","Construir un motor de automóvil desde cero, lleva tiempo y paciencia. También deberás tener cerca un mecánico experto que te ayude en esta aventura. Este proyecto implica más que unir piezas. Según el tipo de motor, existen diferentes tolerancias y aprietes sobre las tuercas y pernos, que deben mantenerse.","Relájate y disfruta en HD del proceso de ensamblado de un Auto explicado en pocos minutos. Macho que se Respeta. RECUERDA, si no has terminado la secundaria ..."
jgomez,roblox como crear autos,"Como CREAR TU PROPIO COCHE en ROBLOX muy FACILMENTE!! (GRATIS!!) Tutorial Roblox Alvaro GtaV. ... EL OBBY MÁS ÉPICO DE AUTOS EN ROBLOX !! 99999% IMPOSIBLE - Duration: 11:22. DeGoBooM 973,330 views.",This feature is not available right now. Please try again later.,"Como usar auto clicker para Roblox. Distintas formas de utilizar un auto clicker en roblox pero la mayoría de estos programas funcionan de la misma forma. Lo único que cambia de en cada programa, es el tipo de orden que tiene que ejecutarse cuando el programa roblox está abierto."
mcatril,como crear un auto para nazcar,La tecnología de innovación de los últimos años ha servido para facilitar nuestras vidas en muchas y diversas maneras y como no podía faltar también llega para hacerla más segura. Esta nueva técnica de reconocimiento de señales de tránsito ha sido instalada en autos como los BMW y Mercedes Benz como prueba y ha tenido resultados exitosos.,"Hola amigos en este vídeo vamos a hacer un carro o coche de juguete propulsado por aire, esta muy fácil para hacer amigos. MÚSICA: -Crystal Amigos espero que...",La tecnología de innovación de los últimos años ha servido para facilitar nuestras vidas en muchas y diversas maneras y como no podía faltar también llega para hacerla más segura. Esta nueva técnica de reconocimiento de señales de tránsito ha sido instalada en autos como los BMW y Mercedes Benz como prueba y ha tenido resultados exitosos.
fcastillo,diseños basicos de un automovil,"El término automóvil (del griego auto, ""por sí mismo"" y del latín móvil ""que se mueve"") se refiere principalmente a un vehículo autopropulsado por un motor propio y destinado al transporte terrestre de personas o cosas sin necesidad de carriles.","Te mostramos cómo realizar el mantenimiento básico de tu coche antes de emprender un viaje, más información: http://www.autofacil.es/mantenimiento/ *Vídeo pa...",Hoy voy a compartir con uds. la forma de modelar un automóvil de forma básica (es un tutorial muy sencillo sobre todo para aquellas personas que recién estamos aprendiendo a modelar polígonos) utilizando la opción de editable poly en 3d max studio 2012.
marriagada,como construir un automovil,"Cómo construir un auto deportivo con poco dinero. coches, Curiosidades, inventos raros. Cómo construir un auto deportivo con poco dinero. Dogguie 8 años ago 50 comentarios. Prev Article Next Article ... No se si vas a poder andar “a las chapas” como todo un Fangio, pero al menos para sacarte la fotito y ponerla en el perfil de alguna red ...","Construir un motor de automóvil desde cero, lleva tiempo y paciencia. También deberás tener cerca un mecánico experto que te ayude en esta aventura. Este proyecto implica más que unir piezas. Según el tipo de motor, existen diferentes tolerancias y aprietes sobre las tuercas y pernos, que deben mantenerse.","Relájate y disfruta en HD del proceso de ensamblado de un Auto explicado en pocos minutos. Macho que se Respeta. RECUERDA, si no has terminado la secundaria y/o primaria en el BRUNO TRAVERSO lo ..."
nhuaquil,pasos basicos para construir un auto,"Guía paso a paso para construir tu propio auto RC Mateo Zeske Fecha actualizada 17 abril, 2017 Desde hace algún tiempo, el diseño, la elaboración y los automóviles de carrera a control remoto (RC) han sido una pasión para los aficionados.","Unas enormes bovinas de acero, con un peso de aproximadamente 20 toneladas, llegan hasta la planta de prensas. Una vez aquí, pasan por un tren de rodillos para que el acero pierda la curvatura y, posteriormente, unas prensas hidráulicas lo cortan a la medida adecuada de la pieza a la que vaya destinada esa lámina o pletina.","Cómo construir un carro de LEGO. Hay muchas maneras de construir un auto de LEGO®, pero hay algunas partes básicas que comparten todos los autos de LEGO. Consigue un bloque largo de LEGO® que servirá como la base del auto."
mgatica,Como construir un automovil de carrera,Construye un automóvil de carreras casero y serás parte de la historia. También serás miembro de un un grupo selecto que mantiene este pasatiempo con vida en una era de controles computarizados y juegos electrónicos.,"Un auto de carrera puede ser un juego o un objeto de colección y sin duda tendrá mayor valor si lo hacemos nosotros mismos. Por eso en este proyecto enseñaremos a construir un auto de madera, que tenga la forma aerodinámica de uno de carrera.","Estudiantes de la Universidad Politécnica Salesiana Sede Cuenca pertenecientes a la carrera de Ingeniería Automotriz, realizan la construcción de un vehículo de carrera estilo fórmula 1 ..."
rfuentes,pasos para construir un automovil,Los 8 pasos esenciales para crear un auto El proceso dura cuatro años y abarca desde el bosquejo en lápiz y papel del prototipo hasta el lanzamiento al mercado del nuevo modelo.,"Bueno, si eres del club de los de ""poca pasta "" aquí les dejo el paso a paso para hacer tu propio auto. No se si vas a poder andar ""a las chapas"" como todo un Fangio, pero al menos para sacarte la fotito y ponerla en el perfil de alguna red social de seguro te va a servir. ... Cómo construir un auto deportivo con poco dinero. coches ...","Cómo se fabrica un coche, en cuatro pasos. Reportaje Cómo se fabrica un coche, en cuatro pasos. 10 fotos. Ampliar. ... cómo se fabrica un coche. Para ello, vamos a dividir el proceso en las cuatro plantas que componen, básicamente, una fábrica de coches: prensas, chapistería, pintura y montaje. Dependiendo de la fábrica, la forma u orden ..."
jbarriap,como hace un auto en chile en python,"Stack Overflow en español es un sitio de preguntas y respuestas para programadores y profesionales de la informática. Únete a ellos; toma menos de un minuto: ... hace 2 años y 6 meses. vista. 30,360 veces. activo. hace 5 meses. ... En Python .como elimino para cada línea en unas series textos? 1.","Una pareja de triples comillas también permite hacer un salto de línea cuando se está editando el código pero dicho salto aparecerá en la cadena si se hace un print con ella. ... SQLite en Python. Base de datos sqlite y gestor ""sqlite manager"". Nota Python: Tamaño de una cadena; Nota Python: How to i++;","Mi padre es discapacitado 100% y esta en tramite su carnet de dicapacitado. La duda es; si le conceden el carnet mi madre podrá adquirir un auto por el con ese carnet, o si necesita algún tipo de poder como para que ella pueda usar su carnet y adquirir uno. Todo esto por que mi padre en su condición no puede hacer ni un tipo de tramites."
mgallardo,carateristicas necesarias para un auto,"La siguiente figura resume rápidamente la función de la batería en el automóvil: el alternador entrega energía a la batería para tenerla cargada, la batería por otro lado es usada para encender el motor de arranque, y alimentar los diferentes circuitos del automóvil: computadora del auto ECM, bomba de gasolina, iluminación de faros, equipo de audio y video, vidirios eléctricos, etc.","Para aprovechar tanto las semiondas positivas como las negativas de cada fase (rectificación de onda completa), se dispone de dos diodos para cada fase, uno en el lado positivo y otro en el negativo, siendo necesarios en total seis diodos de potencia en un alternador trifasico.",Poco antes del patinaje ya la batería a duras penas puede proveer la corriente necesaria para arrancar el coche (especialmente a bajas temperaturas). Sobrecarga. Un problema adicional es el sobrecargado de la batería. Un cargador y/o regulador que no esté debidamente calibrado puede llevar a la sobrecarga.
ahidalgo,diseños basicos para la construccion de un automovil,"Durante años el chasis tal y como se ha explicado fue el único sistema constructivo para todos los vehículos. Sin embargo, a partir de los años 30 (Citroën ""Traction"") y sobre todo los 50, en los automóviles de turismo se empezó a integrar en la carrocería, pasando ésta de cumplir una función meramente protectora a ser estructural.","Para nuestro caso de estudio, el proyecto arquitectónico es relevante para iniciar con nuestro proceso y reconocer que hay una serie de factores determinantes del diseño, los cuales solo nombraremos y si lo desean pueden ampliar su conocimiento consultando el libro en la biblioteca de la Universidad.","Muy interesante la construcción y cuidado de un carro. Creo que todavía hay muchos avances que se pueden hacer ene ste campo para permitir que el un carro puede ser apto para el medio ambiente, seguro para los pasajeros y de buena calidad. Responder Eliminar"
ehernandesp,como hacer un auto para carreras de derby de soapbox,"Inspírate para Red Bull Soapbox Race con 10 autos ... La fase de aplicación para la carrera ya está en marcha, ... Una experiencia en un coche real de carreras con el piloto Memo Rojas.","Cómo hacer un carro de plataforma improvisada. En este artículo: Diséñalo tú mismo, para diversión Constrúyelo para competencias oficiales Un auto de carreras soapbox, también llamado carrito de colina en Australia, normalmente esta hecho de madera y usado para competencias en carreras.","Los carros que hayan sido seleccionados para competir, descenderán a toda velocidad por una pista de entre 600 y 800 metros de largo, en un lugar por definir, el día 20 de noviembre de 2011. La fecha límite de inscripción del equipo y el auto es el 12 de septiembre de 2011, así que será mejor que te apures y pienses en una idea."
jgonzalez,soapbox carreras,"Una curiosa y bizarra carrera se desarrolla en pleno centro porteño, tiñéndolo de color. Desde las 14, en Corrientes y Florida, hasta Leandro N. Alem, unos c...","Red Bull Soap Box Car Race, Bergen 2013 Rolf R Bakke. Loading... Unsubscribe from Rolf R Bakke? ... Best Of Soapbox Car Crashes Ultimate Compilation (2018) - Duration: 10:03.","Bueno, incluso bajo su perfil más complejo, el concepto es bastante simple. Las carreras Red Bull Soapbox se organizan en diferentes ciudades del mundo. Todos los equipos son amateurs locales y ..."
scortez,como construir un automovil,"Cómo construir un auto deportivo con poco dinero. coches, Curiosidades, inventos raros. Cómo construir un auto deportivo con poco dinero. Dogguie 8 años ago 50 comentarios. Prev Article Next Article ... No se si vas a poder andar “a las chapas” como todo un Fangio, pero al menos para sacarte la fotito y ponerla en el perfil de alguna red ...","Construir un motor de automóvil desde cero, lleva tiempo y paciencia. También deberás tener cerca un mecánico experto que te ayude en esta aventura. Este proyecto implica más que unir piezas. Según el tipo de motor, existen diferentes tolerancias y aprietes sobre las tuercas y pernos, que deben mantenerse.","Relájate y disfruta en HD del proceso de ensamblado de un Auto explicado en pocos minutos. Macho que se Respeta. RECUERDA, si no has terminado la secundaria y/o primaria en el BRUNO TRAVERSO lo ..."
falvarado,arquitectura de un automovil,La relación entre automóviles y arquitectura no se ciñe al urbanismo neoyorquino o a la cultura automovilística americana (y mundial). Arquitectos de renombre han mantenido intensos escarceos con el automóvil: Le Corbusier diseñó un automóvil (el Maximum) que nunca pasó de los planos originales.,"Así la Municipalidad de Miraflores pondría a rodar en un bus diferentes funciones valiosas para un barrio, pero sobretodo muy valoradas por un público que necesita mayor movilidad. La arquitectura en acción es capaz de adaptar un bus ""común"" con este fin ""múltiple"".","Sin duda el automóvil es una pieza clave en la historia moderna industrial y su influencia en la arquitectura y las ciudades ha sido decisiva a lo largo del Siglo XX y mas aun en la actuales sociedades ultra movilizadas. La larga admiración por estas magnificas piezas de diseño y tecnología, ha ..."
aduque,autos soapbox,"Encuentra el Seguro Obligatorio Automotriz SOAP mas conveniente para tu auto, jeep o station vagon en ComparaOnline. Seguro Obligatorio Automotriz 2019.","Need for Speed World Online en 3DJuegos: Bueno chicos, les queria comentar de que need for speed world volvio las carreras apenan funcionan pero es divertido se llama Soapbox Race World busquenlo ...","El SOAP, o Seguro Obligatorio de Accidentes Personales, es un seguro exigido por ley para todos los vehículos motorizados terrestres, que brinda cobertura al conductor, acompañantes y terceros que puedan estar involucrados en un accidente de tránsito."
